Iteration,Experiment Index,Observed Elastic Modulus,UCB Score,Mean Prediction,Standard Deviation,Max Modulus in Dataset,Stopping Reason
0,14,39.58562154046682,,,,296.35081017123304,Initial selection
1,12,51.16844398555743,224.8710862461973,6.990451681375144,31.125804937831738,296.35081017123304,Continuing
2,58,211.50865412415317,220.4063337215418,23.657264210733917,28.107009930115414,296.35081017123304,Continuing
3,55,168.33383829683325,295.21259509405866,141.9918336829071,21.888680201593083,296.35081017123304,Continuing
4,53,228.31076155204596,282.90607200720706,93.50222174163596,27.057692895081583,296.35081017123304,Continuing
5,57,296.35081017123304,300.20130233535485,191.07322795349808,15.589724911693821,296.35081017123304,Max modulus reached
