Iteration,Experiment Index,Observed Elastic Modulus,UCB Score,Mean Prediction,Standard Deviation,Max Modulus in Dataset,Stopping Reason
0,48,171.00469374345903,,,,296.35081017123304,Initial selection
1,50,174.66437205644556,279.4620035660827,98.64952802097422,25.830353649301216,296.35081017123304,Continuing
2,69,110.69482106635698,272.6461917427613,142.10511417467038,18.648725366870128,296.35081017123304,Continuing
3,60,272.2240045816517,279.00809309213514,127.39704778505723,21.658720758153994,296.35081017123304,Continuing
4,55,168.33383829683325,317.1325021887584,228.73033133775982,12.628881550142653,296.35081017123304,Continuing
5,57,296.35081017123304,348.68788762599365,236.96347464050638,15.960630426498183,296.35081017123304,Max modulus reached
