Iteration,Experiment Index,Observed Elastic Modulus,UCB Score,Mean Prediction,Standard Deviation,Max Modulus in Dataset,Stopping Reason
0,26,42.736240369816734,,,,296.35081017123304,Initial selection
1,15,48.22854697312115,319.10226850631375,5.7710779330309165,31.333119057328283,296.35081017123304,Continuing
2,53,228.31076155204596,199.1045975820134,34.76378358729242,16.4340813994721,296.35081017123304,Continuing
3,58,211.50865412415317,370.2270206209451,78.30959952359456,29.191742109735053,296.35081017123304,Continuing
4,71,270.69323356331364,354.9524045808295,85.42156413428977,26.953084044653977,296.35081017123304,Continuing
5,72,189.44122006132594,391.41371996521667,165.4582810474694,22.595543891774728,296.35081017123304,Continuing
6,8,242.7128680778461,375.41653786430805,153.60200271214563,22.18145351521624,296.35081017123304,Continuing
7,54,197.84044623035882,365.5821088927743,179.7417036192599,18.584040527351437,296.35081017123304,Continuing
8,57,296.35081017123304,349.01492506832807,201.30552463095947,14.77094004373686,296.35081017123304,Max modulus reached
