Iteration,Experiment Index,Observed Elastic Modulus,UCB Score,Mean Prediction,Standard Deviation,Max Modulus in Dataset,Stopping Reason
0,48,171.00469374345903,,,,296.35081017123304,Initial selection
1,50,174.66437205644556,382.7834181632876,98.64952802097422,25.830353649301216,296.35081017123304,Continuing
2,69,110.69482106635698,347.2410932102418,142.10511417467038,18.648725366870128,296.35081017123304,Continuing
3,60,272.2240045816517,365.64297612475116,127.39704778505723,21.658720758153994,296.35081017123304,Continuing
4,53,228.31076155204596,388.49110469793845,183.42609421495825,18.64227368027093,296.35081017123304,Continuing
5,57,296.35081017123304,345.4708559956062,237.87045524884564,9.781854613341869,296.35081017123304,Max modulus reached
