Iteration,Experiment Index,Observed Elastic Modulus,UCB Score,Mean Prediction,Standard Deviation,Max Modulus in Dataset,Stopping Reason
0,26,42.736240369816734,,,,296.35081017123304,Initial selection
1,12,51.16844398555743,163.11386950413026,14.843282827128732,29.6541173354003,296.35081017123304,Continuing
2,53,228.31076155204596,162.45258832491015,27.720670997921005,26.94638346539783,296.35081017123304,Continuing
3,57,296.35081017123304,258.29109261942915,147.03997707383843,22.250223109118146,296.35081017123304,Max modulus reached
