Iteration,Experiment Index,Observed Elastic Modulus,UCB Score,Mean Prediction,Standard Deviation,Max Modulus in Dataset,Stopping Reason
0,48,171.00469374345903,,,,296.35081017123304,Initial selection
1,50,174.66437205644556,201.9709426181791,98.64952802097422,25.830353649301216,296.35081017123304,Continuing
2,69,110.69482106635698,216.7000156421509,142.10511417467038,18.648725366870128,296.35081017123304,Continuing
3,55,168.33383829683325,214.9293100844398,147.81645613639333,16.778213487011616,296.35081017123304,Continuing
4,57,296.35081017123304,214.3049862330956,156.33493752111966,14.492512177993989,296.35081017123304,Max modulus reached
