Iteration,Experiment Index,Observed Elastic Modulus,UCB Score,Mean Prediction,Standard Deviation,Max Modulus in Dataset,Stopping Reason
0,26,42.736240369816734,,,,296.35081017123304,Initial selection
1,15,48.22854697312115,287.7691494489855,5.7710779330309165,31.333119057328283,296.35081017123304,Continuing
2,53,228.31076155204596,182.6705161825413,34.76378358729242,16.4340813994721,296.35081017123304,Continuing
3,57,296.35081017123304,346.0442368458368,141.9322315136598,22.679111703575224,296.35081017123304,Max modulus reached
