Iteration,Experiment Index,Observed Elastic Modulus,UCB Score,Mean Prediction,Standard Deviation,Max Modulus in Dataset,Stopping Reason
0,48,171.00469374345903,,,,296.35081017123304,Initial selection
1,44,159.30709474405634,443.0227578025732,49.596809250148574,30.263534504032666,296.35081017123304,Continuing
2,69,110.69482106635698,433.6092933234308,79.5497900422403,27.23534640624542,296.35081017123304,Continuing
3,58,211.50865412415317,400.252137968154,120.12387792337447,21.548327695752274,296.35081017123304,Continuing
4,53,228.31076155204596,387.84619337182613,179.5113380219498,16.02575810383664,296.35081017123304,Continuing
5,17,106.8193434000782,357.16227180279236,163.95708651417095,14.861937329893951,296.35081017123304,Continuing
6,57,296.35081017123304,360.60601230222653,220.73868486030128,10.759025187840408,296.35081017123304,Max modulus reached
