Iteration,Experiment Index,Observed Elastic Modulus,UCB Score,Mean Prediction,Standard Deviation,Max Modulus in Dataset,Stopping Reason
0,58,211.50865412415317,,,,296.35081017123304,Initial selection
1,60,272.2240045816517,263.3763310587377,159.7473800190076,20.725790207946023,296.35081017123304,Continuing
2,59,219.61643412334288,211.508704135257,211.50865412415394,1.0002220613194957e-05,296.35081017123304,Continuing
3,55,168.33383829683325,140.9592014828695,1.9312051178033751,27.80559927301322,296.35081017123304,Continuing
4,61,201.80400290446062,201.8545967743766,72.37880404224902,25.895158546425517,296.35081017123304,Continuing
5,57,296.35081017123304,241.70432324748734,135.8898694618024,21.16289075713699,296.35081017123304,Max modulus reached
