Iteration,Experiment Index,Observed Elastic Modulus,UCB Score,Mean Prediction,Standard Deviation,Max Modulus in Dataset,Stopping Reason
0,26,42.736240369816734,,,,296.35081017123304,Initial selection
1,29,51.50598562924656,413.2872661342939,4.878841064806184,31.4160326976529,296.35081017123304,Continuing
2,58,211.50865412415317,321.75552111030333,36.019400966885435,21.979701549493683,296.35081017123304,Continuing
3,53,228.31076155204596,445.5884189076742,79.56508845257673,28.15564080423827,296.35081017123304,Continuing
4,72,189.44122006132594,418.21543608046676,36.93150605521746,29.329533078865328,296.35081017123304,Continuing
5,57,296.35081017123304,408.9941601151022,199.31215402934873,16.129385083519498,296.35081017123304,Max modulus reached
