Iteration,Experiment Index,Observed Elastic Modulus,UCB Score,Mean Prediction,Standard Deviation,Kernel Parameters,Max Modulus in Dataset,Stopping Reason
0,26,42.736240369816734,,,,42.7**2 * RBF(length_scale=21) + WhiteKernel(noise_level=0.000118),296.35081017123304,Initial selection
1,53,228.31076155204596,105.43357122674865,40.72988554147941,12.940737137053848,164**2 * RBF(length_scale=4.56) + WhiteKernel(noise_level=10),296.35081017123304,Continuing
2,60,272.2240045816517,794.2599319456538,97.5225425113022,139.3474778868703,200**2 * RBF(length_scale=6.87) + WhiteKernel(noise_level=5.83e-05),296.35081017123304,Continuing
3,72,189.44122006132594,804.8391451291889,66.03448545478935,147.76093193487992,210**2 * RBF(length_scale=8.15) + WhiteKernel(noise_level=10),296.35081017123304,Continuing
4,8,242.7128680778461,631.5224258885619,128.40395130527156,100.62369491665807,217**2 * RBF(length_scale=8.19) + WhiteKernel(noise_level=10),296.35081017123304,Continuing
5,54,197.84044623035882,599.4303307769161,233.91005961184806,73.10405423301361,214**2 * RBF(length_scale=8.86) + WhiteKernel(noise_level=10),296.35081017123304,Continuing
6,68,65.48719407925006,540.4292286564969,145.1344238994134,79.05896095141671,231**2 * RBF(length_scale=9.71) + WhiteKernel(noise_level=5.83e-05),296.35081017123304,Continuing
7,42,179.2410423946837,521.8394311466982,140.4780278997376,76.27228064939212,237**2 * RBF(length_scale=10.7) + WhiteKernel(noise_level=5.83e-05),296.35081017123304,Continuing
8,57,296.35081017123304,431.6441839116162,241.53221491619135,38.02239379908497,206**2 * RBF(length_scale=8.56) + WhiteKernel(noise_level=5.83e-05),296.35081017123304,Max modulus reached
