Iteration,Experiment Index,Observed Elastic Modulus,UCB Score,Mean Prediction,Standard Deviation,Max Modulus in Dataset,Stopping Reason
0,26,42.736240369816734,,,,296.35081017123304,Initial selection
1,32,106.70108583654164,507.7659199544693,3.563697037663823,31.512638932300344,296.35081017123304,Continuing
2,7,117.40631603510326,517.0927965726715,21.936418482743306,30.947273630620515,296.35081017123304,Continuing
3,55,168.33383829683325,519.5619431475368,27.304102599479396,30.766115034253588,296.35081017123304,Continuing
4,53,228.31076155204596,531.1307736048111,41.06106151944864,30.629357005335155,296.35081017123304,Continuing
5,71,270.69323356331364,535.9144537630638,103.06366142241241,27.053174521290707,296.35081017123304,Continuing
6,72,189.44122006132594,525.7828657463718,161.26423619128528,22.78241434719291,296.35081017123304,Continuing
7,57,296.35081017123304,464.9652907398184,185.42663687325302,17.471165866660336,296.35081017123304,Max modulus reached
