Iteration,Experiment Index,Observed Elastic Modulus,UCB Score,Mean Prediction,Standard Deviation,Max Modulus in Dataset,Stopping Reason
0,48,171.00469374345903,,,,296.35081017123304,Initial selection
1,44,159.30709474405634,564.0768958187039,49.596809250148574,30.263534504032666,296.35081017123304,Continuing
2,69,110.69482106635698,542.5506789484124,79.5497900422403,27.23534640624542,296.35081017123304,Continuing
3,58,211.50865412415317,486.4454487511631,120.12387792337447,21.548327695752274,296.35081017123304,Continuing
4,53,228.31076155204596,451.94922578717274,179.5113380219498,16.02575810383664,296.35081017123304,Continuing
5,10,95.58773206251,421.21550017369054,131.25016559478846,17.056784386994238,296.35081017123304,Continuing
6,0,81.74085575257114,406.4301613104433,139.94388250188027,15.675663459327238,296.35081017123304,Continuing
7,57,296.35081017123304,419.05146468975806,212.66971544698893,12.140102896633477,296.35081017123304,Max modulus reached
