Iteration,Experiment Index,Observed Elastic Modulus,UCB Score,Mean Prediction,Standard Deviation,Max Modulus in Dataset,Stopping Reason
0,48,171.00469374345903,,,,296.35081017123304,Initial selection
1,50,174.66437205644556,253.6316499167815,98.64952802097422,25.830353649301216,296.35081017123304,Continuing
2,69,110.69482106635698,253.99746637589115,142.10511417467038,18.648725366870128,296.35081017123304,Continuing
3,60,272.2240045816517,257.3493723339812,127.39704778505723,21.658720758153994,296.35081017123304,Continuing
4,55,168.33383829683325,304.50362063861576,228.73033133775982,12.628881550142653,296.35081017123304,Continuing
5,57,296.35081017123304,332.72725719949545,236.96347464050638,15.960630426498183,296.35081017123304,Max modulus reached
