Iteration,Experiment Index,Observed Elastic Modulus,UCB Score,Mean Prediction,Standard Deviation,Max Modulus in Dataset,Stopping Reason
0,58,211.50865412415317,,,,296.35081017123304,Initial selection
1,55,168.33383829683325,601.3946417158577,0.5640225781209204,31.62266416514404,296.35081017123304,Continuing
2,69,110.69482106635698,616.38371810392,62.04416551390961,29.17576592579002,296.35081017123304,Continuing
3,53,228.31076155204596,557.5832838930269,158.84542755292279,20.986202965268635,296.35081017123304,Continuing
4,2,66.30151481091211,508.1804678615859,139.63083392821807,19.39734915438778,296.35081017123304,Continuing
5,42,179.2410423946837,505.67429212662313,123.89304421727066,20.09374988996592,296.35081017123304,Continuing
6,17,106.8193434000782,492.0244113908551,144.7519953919198,18.27749557889133,296.35081017123304,Continuing
7,71,270.69323356331364,496.8167172770092,154.14072211789545,18.035578692584934,296.35081017123304,Continuing
8,57,296.35081017123304,522.6240783800653,228.82266587756365,15.463232236973768,296.35081017123304,Max modulus reached
