Iteration,Experiment Index,Observed Elastic Modulus,UCB Score,Mean Prediction,Standard Deviation,Max Modulus in Dataset,Stopping Reason
0,26,42.736240369816734,,,,296.35081017123304,Initial selection
1,13,35.102261317001975,444.7596606269075,3.7328924338294747,31.501912013791287,296.35081017123304,Continuing
2,58,211.50865412415317,304.19956131053624,31.673263289468803,19.466164144361958,296.35081017123304,Continuing
3,53,228.31076155204596,476.5874840171528,72.09607036562879,28.892243832251715,296.35081017123304,Continuing
4,72,189.44122006132594,448.62117964555773,35.822058256077625,29.485651527820007,296.35081017123304,Continuing
5,57,296.35081017123304,430.8304822130415,202.14905111745864,16.334387935398777,296.35081017123304,Max modulus reached
