Iteration,Experiment Index,Observed Elastic Modulus,UCB Score,Mean Prediction,Standard Deviation,Kernel Parameters,Max Modulus in Dataset,Stopping Reason
0,14,39.58562154046682,,,,39.5**2 * RBF(length_scale=0.00133) + WhiteKernel(noise_level=7.99),296.35081017123304,Initial selection
1,0,81.74085575257114,118.7568636031196,0.0,39.585621201039864,64.1**2 * RBF(length_scale=6.5) + WhiteKernel(noise_level=10),296.35081017123304,Continuing
2,53,228.31076155204596,192.05380262187134,46.787908622925514,48.421964666315276,153**2 * RBF(length_scale=6.96) + WhiteKernel(noise_level=2.16e-06),296.35081017123304,Continuing
3,60,272.2240045816517,433.10703894648464,134.12085130309686,99.66206254779593,194**2 * RBF(length_scale=8.82) + WhiteKernel(noise_level=2.19e-06),296.35081017123304,Continuing
4,72,189.44122006132594,441.8496856248189,82.1657607844669,119.89464161345066,207**2 * RBF(length_scale=10.1) + WhiteKernel(noise_level=2.22e-06),296.35081017123304,Continuing
5,54,197.84044623035882,377.1222046774487,197.05184430992028,60.0234534558428,214**2 * RBF(length_scale=11.9) + WhiteKernel(noise_level=2.21e-06),296.35081017123304,Continuing
6,57,296.35081017123304,320.55752069194176,216.2036718667037,34.78461627507936,171**2 * RBF(length_scale=7.14) + WhiteKernel(noise_level=2.2e-06),296.35081017123304,Max modulus reached
