Iteration,Experiment Index,Observed Elastic Modulus,UCB Score,Mean Prediction,Standard Deviation,Max Modulus in Dataset,Stopping Reason
0,26,42.736240369816734,,,,296.35081017123304,Initial selection
1,31,119.79704241922373,570.7992752766846,3.4845702482333643,31.517483612691734,296.35081017123304,Continuing
2,4,109.60733027971378,581.6531143834713,23.632534417023447,31.001143331469333,296.35081017123304,Continuing
3,57,296.35081017123304,581.0327721587644,19.967676997218675,31.17028306453032,296.35081017123304,Max modulus reached
