Iteration,Experiment Index,Observed Elastic Modulus,UCB Score,Mean Prediction,Standard Deviation,Max Modulus in Dataset,Stopping Reason
0,58,211.50865412415317,,,,296.35081017123304,Initial selection
1,55,168.33383829683325,474.9039850552815,0.5640225781209204,31.62266416514404,296.35081017123304,Continuing
2,53,228.31076155204596,503.4940303929732,130.7217183550177,24.85148746919703,296.35081017123304,Continuing
3,69,110.69482106635698,482.821092392759,118.70518924771557,24.274393543002894,296.35081017123304,Continuing
4,2,66.30151481091211,430.5910712440347,139.63083392821807,19.397349154387776,296.35081017123304,Continuing
5,42,179.2410423946837,425.29929256675945,123.89304421727064,20.09374988996592,296.35081017123304,Continuing
6,17,106.8193434000782,418.9144290752899,144.75199539191982,18.277495578891337,296.35081017123304,Continuing
7,71,270.69323356331364,424.67440250666937,154.14072211789542,18.035578692584927,296.35081017123304,Continuing
8,57,296.35081017123304,460.77114943319367,228.82266587755697,15.463232237042448,296.35081017123304,Max modulus reached
