Iteration,Experiment Index,Observed Elastic Modulus,UCB Score,Mean Prediction,Standard Deviation,Max Modulus in Dataset,Stopping Reason
0,14,39.58562154046682,,,,296.35081017123304,Initial selection
1,40,162.77817832797786,444.38481223771316,2.6870807123684597,31.54983796609605,296.35081017123304,Continuing
2,63,228.4671903908735,471.5643520858747,54.879810100464574,29.76318157038644,296.35081017123304,Continuing
3,47,188.55697291016554,496.9079438996257,102.8538689254692,28.146719641011178,296.35081017123304,Continuing
4,52,231.07458974395303,499.5361772219739,119.12770658942515,27.172033616610626,296.35081017123304,Continuing
5,70,172.0732296612731,498.740314503249,98.5253590268061,28.586782534031638,296.35081017123304,Continuing
6,57,296.35081017123304,496.612141757108,104.46408852799382,28.010575230651018,296.35081017123304,Max modulus reached
