Iteration,Experiment Index,Observed Elastic Modulus,UCB Score,Mean Prediction,Standard Deviation,Kernel Parameters,Max Modulus in Dataset,Stopping Reason
0,48,171.00469374345903,,,,171**2 * RBF(length_scale=0.005) + WhiteKernel(noise_level=8.44),296.35081017123304,Initial selection
1,47,188.55697291016554,173.0089770584309,170.9553624495137,4.107229217834409,180**2 * RBF(length_scale=0.339) + WhiteKernel(noise_level=10),296.35081017123304,Continuing
2,50,174.66437205644556,91.4046076030166,1.5103500500034317,179.78851510602632,178**2 * RBF(length_scale=55.4) + WhiteKernel(noise_level=10),296.35081017123304,Continuing
3,53,228.31076155204596,188.08348030431773,180.12410078025982,15.918759048115827,203**2 * RBF(length_scale=26.4) + WhiteKernel(noise_level=10),296.35081017123304,Continuing
4,58,211.50865412415317,219.2013875272288,201.4728514932358,35.457072067986,206**2 * RBF(length_scale=32.5) + WhiteKernel(noise_level=10),296.35081017123304,Continuing
5,59,219.61643412334288,213.631986721322,211.40241776478916,4.459137913065668,207**2 * RBF(length_scale=32.3) + WhiteKernel(noise_level=10),296.35081017123304,Continuing
6,60,272.2240045816517,214.59107978417947,212.29494012175292,4.592279324853127,208**2 * RBF(length_scale=3.94) + WhiteKernel(noise_level=10),296.35081017123304,Continuing
7,57,296.35081017123304,297.658862990848,239.4807512612361,116.35622345922373,204**2 * RBF(length_scale=4.22) + WhiteKernel(noise_level=10),296.35081017123304,Max modulus reached
