Iteration,Experiment Index,Observed Elastic Modulus,UCB Score,Mean Prediction,Standard Deviation,Max Modulus in Dataset,Stopping Reason
0,58,211.50865412415317,,,,296.35081017123304,Initial selection
1,59,219.61643412334288,211.50867412857326,211.50865412413202,1.0002220613194957e-05,296.35081017123304,Continuing
2,0,81.74085575257114,63.24555320336758,0.0,31.62277660168379,296.35081017123304,Continuing
3,60,272.2240045816517,204.25773618848004,162.8084232474527,20.724656470513665,296.35081017123304,Continuing
4,55,168.33383829683325,130.2078772786725,80.84765625,24.680110514336246,296.35081017123304,Continuing
5,54,197.84044623035882,163.0211864963042,157.18697693926882,2.9171047785176905,296.35081017123304,Continuing
6,1,71.68894182884907,81.74087575700418,81.74085575256295,1.0002220613194957e-05,296.35081017123304,Continuing
7,37,152.72295816440803,271.4467374556705,240.7578125,15.344462477835243,296.35081017123304,Continuing
8,57,296.35081017123304,167.72937575626713,127.56640625,20.08148475313357,296.35081017123304,Max modulus reached
