Iteration,Experiment Index,Observed Elastic Modulus,UCB Score,Mean Prediction,Standard Deviation,Max Modulus in Dataset,Stopping Reason
0,14,39.58562154046682,,,,296.35081017123304,Initial selection
1,29,51.50598562924656,665.2569597797863,2.382002587096538,31.565474152032845,296.35081017123304,Continuing
2,60,272.2240045816517,555.4358243587325,31.209889244865067,24.963139767327018,296.35081017123304,Continuing
3,53,228.31076155204596,694.0018086429067,75.42941132872407,29.455828443532504,296.35081017123304,Continuing
4,72,189.44122006132594,661.3443347622199,40.82286216331407,29.54864155232885,296.35081017123304,Continuing
5,54,197.84044623035882,585.6560301424773,170.31743812344155,19.778028191382656,296.35081017123304,Continuing
6,6,204.17680289774339,563.6291929185048,93.51845354222746,22.386225684584637,296.35081017123304,Continuing
7,57,296.35081017123304,568.1093078402185,240.16046571008408,15.616611530006406,296.35081017123304,Max modulus reached
