Iteration,Experiment Index,Observed Elastic Modulus,UCB Score,Mean Prediction,Standard Deviation,Max Modulus in Dataset,Stopping Reason
0,48,171.00469374345903,,,,296.35081017123304,Initial selection
1,44,159.30709474405634,473.2862923066059,49.596809250148574,30.263534504032666,296.35081017123304,Continuing
2,69,110.69482106635698,460.8446397296762,79.5497900422403,27.23534640624542,296.35081017123304,Continuing
3,58,211.50865412415317,421.80046566390627,120.12387792337447,21.548327695752274,296.35081017123304,Continuing
4,53,228.31076155204596,403.87195147566274,179.5113380219498,16.02575810383664,296.35081017123304,Continuing
5,17,106.8193434000782,372.0242091326863,163.95708651417095,14.861937329893951,296.35081017123304,Continuing
6,57,296.35081017123304,371.365037490067,220.73868486030128,10.759025187840408,296.35081017123304,Max modulus reached
