Iteration,Experiment Index,Observed Elastic Modulus,UCB Score,Mean Prediction,Standard Deviation,Max Modulus in Dataset,Stopping Reason
0,58,211.50865412415317,,,,296.35081017123304,Initial selection
1,60,272.2240045816517,346.27949189052185,159.7473800190076,20.725790207946023,296.35081017123304,Continuing
2,55,168.33383829683325,285.8288506363418,1.229807164596295,31.622115941305054,296.35081017123304,Continuing
3,57,296.35081017123304,293.73386962567776,9.41073016623425,31.59145993993817,296.35081017123304,Max modulus reached
