Iteration,Experiment Index,Observed Elastic Modulus,UCB Score,Mean Prediction,Standard Deviation,Max Modulus in Dataset,Stopping Reason
0,58,211.50865412415317,,,,296.35081017123304,Initial selection
1,60,272.2240045816517,221.92475064284568,159.7473800190076,20.725790207946023,296.35081017123304,Continuing
2,59,219.61643412334288,211.50868413081577,211.50865412415394,1.0002220613194957e-05,296.35081017123304,Continuing
3,55,168.33383829683325,85.34800293684303,1.9312051178033751,27.80559927301322,296.35081017123304,Continuing
4,54,197.84044623035882,165.8175615114771,156.97780612421548,2.946585129087203,296.35081017123304,Continuing
5,57,296.35081017123304,94.88823874709473,0.019909346666731022,31.622776466809334,296.35081017123304,Max modulus reached
