Iteration,Experiment Index,Observed Elastic Modulus,UCB Score,Mean Prediction,Standard Deviation,Max Modulus in Dataset,Stopping Reason
0,26,42.736240369816734,,,,296.35081017123304,Initial selection
1,29,51.50598562924656,381.871233436641,4.878841064806184,31.4160326976529,296.35081017123304,Continuing
2,58,211.50865412415317,299.7758195608096,36.019400966885435,21.979701549493683,296.35081017123304,Continuing
3,53,228.31076155204596,417.43277810343596,79.56508845257673,28.15564080423827,296.35081017123304,Continuing
4,57,296.35081017123304,396.5173997921283,192.82190007255647,16.974624976630984,296.35081017123304,Max modulus reached
