Iteration,Experiment Index,Observed Elastic Modulus,UCB Score,Mean Prediction,Standard Deviation,Max Modulus in Dataset,Stopping Reason
0,14,39.58562154046682,,,,296.35081017123304,Initial selection
1,40,162.77817832797786,475.9346502038092,2.6870807123684597,31.54983796609605,296.35081017123304,Continuing
2,63,228.4671903908735,501.32753365626115,54.879810100464574,29.76318157038644,296.35081017123304,Continuing
3,47,188.55697291016554,525.0546635406369,102.8538689254692,28.146719641011178,296.35081017123304,Continuing
4,7,117.40631603510326,527.2557652956982,104.50700932928336,28.183250397760986,296.35081017123304,Continuing
5,70,172.0732296612731,525.2703130988197,80.69460681986827,29.63838041859676,296.35081017123304,Continuing
6,57,296.35081017123304,524.4204692378963,89.58587828342282,28.988972730298233,296.35081017123304,Max modulus reached
