Iteration,Experiment Index,Observed Elastic Modulus,UCB Score,Mean Prediction,Standard Deviation,Kernel Parameters,Max Modulus in Dataset,Stopping Reason
0,58,211.50865412415317,,,,211**2 * RBF(length_scale=0.00215) + WhiteKernel(noise_level=10),296.35081017123304,Initial selection
1,0,81.74085575257114,1057.5433022107568,0.0,211.50866044215138,160**2 * RBF(length_scale=7.62) + WhiteKernel(noise_level=10),296.35081017123304,Continuing
2,69,110.69482106635698,692.6769312094439,87.67275917169417,121.00083440754996,150**2 * RBF(length_scale=10.3) + WhiteKernel(noise_level=10),296.35081017123304,Continuing
3,53,228.31076155204596,469.55167648085813,152.94028463097385,63.32227836997686,166**2 * RBF(length_scale=11.2) + WhiteKernel(noise_level=0.0008),296.35081017123304,Continuing
4,43,178.97379271834268,442.05491457610407,129.9622335634932,62.41853620252217,167**2 * RBF(length_scale=12) + WhiteKernel(noise_level=10),296.35081017123304,Continuing
5,18,74.82276309333224,410.73632672816484,147.19780958474985,52.707703428683,163**2 * RBF(length_scale=10.6) + WhiteKernel(noise_level=10),296.35081017123304,Continuing
6,57,296.35081017123304,391.170667808226,217.38121542575038,34.75789047649513,144**2 * RBF(length_scale=6.93) + WhiteKernel(noise_level=0.00147),296.35081017123304,Max modulus reached
