Iteration,Experiment Index,Observed Elastic Modulus,UCB Score,Mean Prediction,Standard Deviation,Kernel Parameters,Max Modulus in Dataset,Stopping Reason
0,58,211.50865412415317,,,,211**2 * RBF(length_scale=0.00215) + WhiteKernel(noise_level=10),296.35081017123304,Initial selection
1,0,81.74085575257114,423.01732088430276,0.0,211.50866044215138,160**2 * RBF(length_scale=7.62) + WhiteKernel(noise_level=10),296.35081017123304,Continuing
2,72,189.44122006132594,331.5102157284519,93.27961641466517,119.11529965689337,176**2 * RBF(length_scale=11.2) + WhiteKernel(noise_level=10),296.35081017123304,Continuing
3,53,228.31076155204596,296.808465351222,158.60669844439468,69.10088345341367,188**2 * RBF(length_scale=12.3) + WhiteKernel(noise_level=10),296.35081017123304,Continuing
4,41,220.5104016857166,295.94890180290895,171.7344916050646,62.107205098922165,192**2 * RBF(length_scale=13.4) + WhiteKernel(noise_level=0.0257),296.35081017123304,Continuing
5,43,178.97379271834268,285.15232205299833,183.3160850464889,50.9181185032547,192**2 * RBF(length_scale=15.1) + WhiteKernel(noise_level=0.00029),296.35081017123304,Continuing
6,57,296.35081017123304,262.83154155660856,205.72260015143422,28.554470702587167,155**2 * RBF(length_scale=7.48) + WhiteKernel(noise_level=10),296.35081017123304,Max modulus reached
