Iteration,Experiment Index,Observed Elastic Modulus,UCB Score,Mean Prediction,Standard Deviation,Kernel Parameters,Max Modulus in Dataset,Stopping Reason
0,58,211.50865412415317,,,,211**2 * RBF(length_scale=0.00215) + WhiteKernel(noise_level=10),296.35081017123304,Initial selection
1,59,219.61643412334288,215.03887787607712,211.46137489203304,4.471878730055116,216**2 * RBF(length_scale=0.0163) + WhiteKernel(noise_level=10),296.35081017123304,Continuing
2,0,81.74085575257114,172.45933109387863,0.0,215.5741638673483,163**2 * RBF(length_scale=7.48) + WhiteKernel(noise_level=10),296.35081017123304,Continuing
3,60,272.2240045816517,228.84070724593846,215.57727217614726,16.579293837239014,187**2 * RBF(length_scale=2.54) + WhiteKernel(noise_level=10),296.35081017123304,Continuing
4,55,168.33383829683325,223.32377460494533,87.0043083180908,170.39933285856816,188**2 * RBF(length_scale=3.65) + WhiteKernel(noise_level=10),296.35081017123304,Continuing
5,61,201.80400290446062,300.37520553064917,179.8704467832249,150.63094843428036,180**2 * RBF(length_scale=4.2) + WhiteKernel(noise_level=10),296.35081017123304,Continuing
6,21,50.104313602035774,224.2170590560546,144.58565978716547,99.53924908611141,164**2 * RBF(length_scale=3.71) + WhiteKernel(noise_level=10),296.35081017123304,Continuing
7,57,296.35081017123304,233.71126233593287,169.43168537551358,80.3494712005241,173**2 * RBF(length_scale=3.5) + WhiteKernel(noise_level=10),296.35081017123304,Max modulus reached
