Iteration,Experiment Index,Observed Elastic Modulus,UCB Score,Mean Prediction,Standard Deviation,Kernel Parameters,Max Modulus in Dataset,Stopping Reason
0,48,171.00469374345903,,,,171**2 * RBF(length_scale=0.005) + WhiteKernel(noise_level=8.44),296.35081017123304,Initial selection
1,47,188.55697291016554,175.0625916673481,170.9553624495137,4.107229217834409,180**2 * RBF(length_scale=0.339) + WhiteKernel(noise_level=10),296.35081017123304,Continuing
2,50,174.66437205644556,181.29886515602976,1.5103500500034317,179.78851510602632,178**2 * RBF(length_scale=55.4) + WhiteKernel(noise_level=10),296.35081017123304,Continuing
3,53,228.31076155204596,196.04285982837564,180.12410078025982,15.918759048115827,203**2 * RBF(length_scale=26.4) + WhiteKernel(noise_level=10),296.35081017123304,Continuing
4,58,211.50865412415317,236.92992356122178,201.4728514932358,35.457072067986,206**2 * RBF(length_scale=32.5) + WhiteKernel(noise_level=10),296.35081017123304,Continuing
5,57,296.35081017123304,219.77059295414728,206.31903107548678,13.45156187866051,171**2 * RBF(length_scale=7.48) + WhiteKernel(noise_level=10),296.35081017123304,Max modulus reached
