Iteration,Experiment Index,Observed Elastic Modulus,UCB Score,Mean Prediction,Standard Deviation,Kernel Parameters,Max Modulus in Dataset,Stopping Reason
0,14,39.58562154046682,,,,39.5**2 * RBF(length_scale=0.00133) + WhiteKernel(noise_level=7.99),296.35081017123304,Initial selection
1,0,81.74085575257114,79.17124240207973,0.0,39.585621201039864,64.1**2 * RBF(length_scale=6.5) + WhiteKernel(noise_level=10),296.35081017123304,Continuing
2,53,228.31076155204596,143.63183795555608,46.787908622925514,48.421964666315276,153**2 * RBF(length_scale=6.96) + WhiteKernel(noise_level=2.16e-06),296.35081017123304,Continuing
3,58,211.50865412415317,336.5876629467848,144.0774605443835,96.25510120120065,168**2 * RBF(length_scale=9.26) + WhiteKernel(noise_level=2.17e-06),296.35081017123304,Continuing
4,72,189.44122006132594,274.5981303175296,75.06552522863329,99.76630254444814,187**2 * RBF(length_scale=10.5) + WhiteKernel(noise_level=2.2e-06),296.35081017123304,Continuing
5,71,270.69323356331364,282.88529071792715,186.5585278050526,48.16338145643728,182**2 * RBF(length_scale=8.36) + WhiteKernel(noise_level=2.2e-06),296.35081017123304,Continuing
6,68,65.48719407925006,303.4164360753544,215.6517918870835,43.88232209413545,176**2 * RBF(length_scale=4.67) + WhiteKernel(noise_level=10),296.35081017123304,Continuing
7,52,231.07458974395303,414.0866011464591,198.13586487442444,107.97536813601732,176**2 * RBF(length_scale=5.16) + WhiteKernel(noise_level=10),296.35081017123304,Continuing
8,57,296.35081017123304,386.49302599833595,226.87596083750543,79.80853258041525,178**2 * RBF(length_scale=5.31) + WhiteKernel(noise_level=10),296.35081017123304,Max modulus reached
