Iteration,Experiment Index,Observed Elastic Modulus,UCB Score,Mean Prediction,Standard Deviation,Kernel Parameters,Max Modulus in Dataset,Stopping Reason
0,53,228.31076155204596,,,,228**2 * RBF(length_scale=144) + WhiteKernel(noise_level=9.85),296.35081017123304,Initial selection
1,69,110.69482106635698,283.164023112815,227.8922292336641,13.817948469787726,179**2 * RBF(length_scale=11.9) + WhiteKernel(noise_level=9.94),296.35081017123304,Continuing
2,60,272.2240045816517,495.23158032273136,189.7652679245576,76.36657809954343,203**2 * RBF(length_scale=14.2) + WhiteKernel(noise_level=0.0005),296.35081017123304,Continuing
3,2,66.30151481091211,488.92281006714404,190.36779277372761,74.6387543233541,185**2 * RBF(length_scale=9.73) + WhiteKernel(noise_level=0.00138),296.35081017123304,Continuing
4,54,197.84044623035882,448.6966776116597,205.8493638204733,60.711828447796606,188**2 * RBF(length_scale=11.7) + WhiteKernel(noise_level=0.000832),296.35081017123304,Continuing
5,43,178.97379271834268,380.8355749698764,129.99074329818737,62.71120791792226,187**2 * RBF(length_scale=12.1) + WhiteKernel(noise_level=0.000303),296.35081017123304,Continuing
6,57,296.35081017123304,343.1820296926578,228.56497500805105,28.654263671151693,150**2 * RBF(length_scale=7.25) + WhiteKernel(noise_level=0.000475),296.35081017123304,Max modulus reached
