Iteration,UCB Index,Observed UCB,Predicted UCB,Uncertainty UCB,EI Index,Observed EI,Predicted EI,Uncertainty EI,Max Yield Strength in Dataset,Stopping Reason
1,264,1288.4,1161.7224947486213,145.77574325566545,264,1288.4,1161.7224947486213,145.77574325566545,2510.3,Continuing
2,40,2157.3,1187.440876179974,145.4641281247109,176,1026.6,1254.5663183107679,95.37961038551794,2510.3,Continuing
3,64,1661.2,1661.1943579824226,199.23889856993037,306,2510.3,1177.1565827090808,94.15152124110834,2510.3,Max yield strength reached
