Iteration,UCB Index,Observed UCB,Predicted UCB,Uncertainty UCB,EI Index,Observed EI,Predicted EI,Uncertainty EI,Max Yield Strength in Dataset,Stopping Reason
1,264,1288.4,1161.7224947486213,145.77574325566545,264,1288.4,1161.7224947486213,145.77574325566545,2510.3,Continuing
2,117,1810.0,853.6202053227205,243.02549672469215,176,1026.6,1254.5663183107679,95.37961038551794,2510.3,Continuing
3,259,1463.3,1413.7337618220977,197.42740324603304,306,2510.3,1177.1565827090808,94.15152124110834,2510.3,Max yield strength reached
