Iteration,Experiment Index,Observed Yield Strength,UCB Score,Mean Prediction,Standard Deviation,Kernel Parameters,Max Yield Strength in Dataset,Stopping Reason
0,107,1309.1,,,,316**2 * RBF(length_scale=1) + WhiteKernel(noise_level=10),2510.3,Initial selection
1,87,1393.5,1357.6628067535403,896.981251222522,230.34077776550916,316**2 * RBF(length_scale=3.63) + WhiteKernel(noise_level=10),2510.3,Continuing
2,261,1287.3,1539.4589954512917,1255.8375269447386,141.8107342532766,316**2 * RBF(length_scale=4.35) + WhiteKernel(noise_level=10),2510.3,Continuing
3,39,1071.4,1537.6766067837154,1357.5021385862472,90.08723409873417,316**2 * RBF(length_scale=2.71) + WhiteKernel(noise_level=10),2510.3,Continuing
4,176,1026.6,1528.0081022722693,1212.5236534434687,157.74222441440034,316**2 * RBF(length_scale=2.46) + WhiteKernel(noise_level=10),2510.3,Continuing
5,264,1288.4,1497.9627574546257,1289.737334099842,104.11271167739187,316**2 * RBF(length_scale=2.53) + WhiteKernel(noise_level=0.609),2510.3,Continuing
6,306,2510.3,1478.1378119955882,1125.1945362236806,176.47163788595378,316**2 * RBF(length_scale=1.79) + WhiteKernel(noise_level=10),2510.3,Max yield strength reached
