Iteration,Experiment Index,Observed Yield Strength,UCB Score,Mean Prediction,Standard Deviation,Kernel Parameters,Max Yield Strength in Dataset,Stopping Reason
0,234,1212.6,,,,316**2 * RBF(length_scale=1) + WhiteKernel(noise_level=10),2510.3,Initial selection
1,268,1263.6,1539.599467359299,960.3692743027431,193.076731018852,316**2 * RBF(length_scale=4.42) + WhiteKernel(noise_level=10),2510.3,Continuing
2,93,1755.2,1596.7802796131334,1028.5471790021486,189.41103353699492,316**2 * RBF(length_scale=4.24) + WhiteKernel(noise_level=6.8e-06),2510.3,Continuing
3,86,1453.8,1983.7671388553144,1483.0125436665087,166.91819839626854,316**2 * RBF(length_scale=4.28) + WhiteKernel(noise_level=6.8e-06),2510.3,Continuing
4,147,1736.3,1976.3623600327041,1644.331126412316,110.67707787346271,316**2 * RBF(length_scale=4.71) + WhiteKernel(noise_level=6.8e-06),2510.3,Continuing
5,106,2381.6,1967.3068183015325,1380.9268512983892,195.4599890010478,316**2 * RBF(length_scale=4.51) + WhiteKernel(noise_level=10),2510.3,Continuing
6,71,2501.1,2540.8671374806577,2188.388881278233,117.49275206747495,316**2 * RBF(length_scale=4.73) + WhiteKernel(noise_level=6.8e-06),2510.3,Continuing
7,289,1571.2,2594.6998190756462,2402.514106633165,64.06190414749379,316**2 * RBF(length_scale=2.31) + WhiteKernel(noise_level=10),2510.3,Continuing
8,306,2510.3,2709.909927877744,2079.7305852786703,210.05978086635793,316**2 * RBF(length_scale=2.43) + WhiteKernel(noise_level=10),2510.3,Max yield strength reached
