Iteration,Index,Observed Target Value,Predicted Target Value,Uncertainty,Max Elastic Modulus in Dataset,Stopping Reason
1,69,110.69482106635698,569.27686,119.082535,296.35081017123304,Continuing
2,58,211.5086541241532,190.91533,8.389197,296.35081017123304,Continuing
3,59,219.61643412334288,211.63774,12.6516075,296.35081017123304,Continuing
4,8,242.7128680778461,205.12779,26.687344,296.35081017123304,Continuing
5,9,233.7243724057668,225.74033,34.48209,296.35081017123304,Continuing
6,0,81.74085575257114,168.18822,30.504927,296.35081017123304,Continuing
7,55,168.33383829683325,215.99022,22.385702,296.35081017123304,Continuing
8,57,296.35081017123304,205.9608,21.631573,296.35081017123304,Max Elastic Modulus reached
