Iteration,Index,Observed Target Value,Predicted Target Value,Uncertainty,Max Elastic Modulus in Dataset,Stopping Reason
1,69,110.69482106635698,477.40417,96.43136,296.35081017123304,Continuing
2,53,228.310761552046,241.3402,15.130033,296.35081017123304,Continuing
3,59,219.61643412334288,211.99529,12.291485,296.35081017123304,Continuing
4,8,242.7128680778461,197.22717,26.097103,296.35081017123304,Continuing
5,9,233.7243724057668,231.72862,34.84457,296.35081017123304,Continuing
6,0,81.74085575257114,171.72968,33.904854,296.35081017123304,Continuing
7,55,168.33383829683325,198.77676,21.152794,296.35081017123304,Continuing
8,57,296.35081017123304,205.35725,21.326822,296.35081017123304,Max Elastic Modulus reached
