Iteration,Index,Observed Target Value,Predicted Target Value,Uncertainty,Max Elastic Modulus in Dataset,Stopping Reason
1,69,110.69482106635698,485.8836,94.775566,296.35081017123304,Continuing
2,53,228.310761552046,234.79965,15.274348,296.35081017123304,Continuing
3,59,219.61643412334288,212.9911,11.7389,296.35081017123304,Continuing
4,8,242.7128680778461,204.18091,27.224644,296.35081017123304,Continuing
5,9,233.7243724057668,256.6985,38.54246,296.35081017123304,Continuing
6,0,81.74085575257114,171.64214,32.619446,296.35081017123304,Continuing
7,55,168.33383829683325,212.42958,21.626495,296.35081017123304,Continuing
8,57,296.35081017123304,227.11172,22.109787,296.35081017123304,Max Elastic Modulus reached
