Iteration,Index,Observed Target Value,Predicted Target Value,Uncertainty,Max Elastic Modulus in Dataset,Stopping Reason
1,69,110.69482106635698,450.17,90.495056,296.35081017123304,Continuing
2,53,228.310761552046,235.58548,15.209598,296.35081017123304,Continuing
3,59,219.61643412334288,210.2143,11.244187,296.35081017123304,Continuing
4,8,242.7128680778461,209.76166,28.0777,296.35081017123304,Continuing
5,9,233.7243724057668,244.36229,36.04302,296.35081017123304,Continuing
6,0,81.74085575257114,178.35204,36.182537,296.35081017123304,Continuing
7,55,168.33383829683325,202.57721,20.555098,296.35081017123304,Continuing
8,57,296.35081017123304,219.45958,20.85871,296.35081017123304,Max Elastic Modulus reached
