Iteration,Index,Observed Target Value,Predicted Target Value,Uncertainty,Max Elastic Modulus in Dataset,Stopping Reason
1,69,110.69482106635698,573.9526,123.04566,296.35081017123304,Continuing
2,58,211.5086541241532,198.58714,8.742007,296.35081017123304,Continuing
3,59,219.61643412334288,209.92894,11.967208,296.35081017123304,Continuing
4,8,242.7128680778461,196.65779,25.5307,296.35081017123304,Continuing
5,9,233.7243724057668,250.6173,36.930668,296.35081017123304,Continuing
6,0,81.74085575257114,179.48317,36.531467,296.35081017123304,Continuing
7,55,168.33383829683325,221.68413,23.741018,296.35081017123304,Continuing
8,57,296.35081017123304,213.37698,22.181347,296.35081017123304,Max Elastic Modulus reached
