Iteration,Index,Observed Target Value,Predicted Target Value,Uncertainty,Max Elastic Modulus in Dataset,Stopping Reason
1,59,219.61643412334288,0.0014660099133132108,211.508656853224,296.35081017123304,Continuing
2,0,81.74085575257114,0.0,215.60065934709095,296.35081017123304,Continuing
3,60,272.2240045816517,215.42907024408942,38.90581889466453,296.35081017123304,Continuing
4,61,201.80400290446065,284.6999731433348,89.23176437611588,296.35081017123304,Continuing
5,56,175.8319549576918,196.91157937157914,15.22180872945618,296.35081017123304,Continuing
6,2,66.30151481091211,201.9357585061482,92.62297420576321,296.35081017123304,Continuing
7,55,168.33383829683325,142.31167286587038,90.3413077205051,296.35081017123304,Continuing
8,57,296.35081017123304,205.27784840856407,37.141581013658495,296.35081017123304,Max Elastic Modulus reached
