Iteration,Index,Observed Target Value,Predicted Target Value,Uncertainty,Max Elastic Modulus in Dataset,Stopping Reason
1,16,28.08588319590436,12.421932072301287,40.89109574006197,296.35081017123304,Continuing
2,72,189.441220061326,33.84476796533798,12.735329147334223,296.35081017123304,Continuing
3,42,179.2410423946837,107.48164899481921,105.50880445101193,296.35081017123304,Continuing
4,58,211.5086541241532,27.45684338396758,144.03975760421113,296.35081017123304,Continuing
5,71,270.69323356331364,162.2710622146493,92.66659917701416,296.35081017123304,Continuing
6,53,228.310761552046,239.97164644562267,62.369637877453975,296.35081017123304,Continuing
7,8,242.7128680778461,227.06513733523298,43.25765642332207,296.35081017123304,Continuing
8,54,197.8404462303588,212.94226095485095,37.79070962945842,296.35081017123304,Continuing
9,57,296.35081017123304,214.9227709352612,26.23397575027951,296.35081017123304,Max Elastic Modulus reached
