Iteration,Index,Observed Target Value,Predicted Target Value,Uncertainty,Max Elastic Modulus in Dataset,Stopping Reason
1,36,120.1628705347832,8.042931031158746,41.97257867338296,296.35081017123304,Continuing
2,72,189.441220061326,47.544836935942165,76.67204827156588,296.35081017123304,Continuing
3,71,270.69323356331364,90.47598058784979,125.08016164086979,296.35081017123304,Continuing
4,53,228.310761552046,38.952007202902664,175.02975855580186,296.35081017123304,Continuing
5,60,272.2240045816517,165.391349452163,72.51242981231536,296.35081017123304,Continuing
6,54,197.8404462303588,259.77359357244967,55.468307053925635,296.35081017123304,Continuing
7,57,296.35081017123304,230.54461679851238,56.02210433030524,296.35081017123304,Max Elastic Modulus reached
