Iteration,Index,Observed Target Value,Predicted Target Value,Uncertainty,Max Elastic Modulus in Dataset,Stopping Reason
1,59,219.61643412334288,0.0014660099133132108,211.508656853224,296.35081017123304,Continuing
2,0,81.74085575257114,0.0,215.60065934709095,296.35081017123304,Continuing
3,61,201.80400290446065,165.3266468061105,103.5977285895925,296.35081017123304,Continuing
4,60,272.2240045816517,222.40648032794343,12.98132163120363,296.35081017123304,Continuing
5,55,168.33383829683325,154.60654856592137,97.90326580629213,296.35081017123304,Continuing
6,21,50.104313602035774,141.30297295612692,98.37636229697857,296.35081017123304,Continuing
7,57,296.35081017123304,165.09926443633867,59.271355902221664,296.35081017123304,Max Elastic Modulus reached
