Iteration,Index,Observed Target Value,Predicted Target Value,Uncertainty,Max Elastic Modulus in Dataset,Stopping Reason
1,59,219.61643412334288,0.0014660099133132108,211.508656853224,296.35081017123304,Continuing
2,0,81.74085575257114,0.0,215.60065934709095,296.35081017123304,Continuing
3,61,201.80400290446065,165.3266468061105,103.5977285895925,296.35081017123304,Continuing
4,43,178.97379271834268,154.6358770187478,83.67842833726625,296.35081017123304,Continuing
5,60,272.2240045816517,222.2597232342605,10.919141512238333,296.35081017123304,Continuing
6,55,168.33383829683325,198.81409081899358,40.79310867154387,296.35081017123304,Continuing
7,57,296.35081017123304,201.4374143479024,36.122036354875675,296.35081017123304,Max Elastic Modulus reached
