Iteration,Index,Observed Target Value,Predicted Target Value,Uncertainty,Max Elastic Modulus in Dataset,Stopping Reason
1,47,188.5569729101656,49.3719603463546,163.72236547572828,296.35081017123304,Continuing
2,0,81.74085575257114,0.0,179.99492009275352,296.35081017123304,Continuing
3,27,141.45379911190125,150.11302885446267,81.37825701642248,296.35081017123304,Continuing
4,19,56.88500845389184,142.70880335567844,80.13580773667223,296.35081017123304,Continuing
5,53,228.310761552046,122.88539119095056,62.00753272438401,296.35081017123304,Continuing
6,8,242.7128680778461,172.80971581877318,33.37128703504927,296.35081017123304,Continuing
7,9,233.7243724057668,234.10570382558626,19.557294516469472,296.35081017123304,Continuing
8,49,242.91509227554656,130.853912491512,94.4583292612726,296.35081017123304,Continuing
9,57,296.35081017123304,173.26402448919174,73.95109125352042,296.35081017123304,Max Elastic Modulus reached
