Iteration,Index,Observed Target Value,Predicted Target Value,Uncertainty,Max Elastic Modulus in Dataset,Stopping Reason
1,0,81.74085575257114,0.0,228.31075871150543,296.35081017123304,Continuing
2,27,141.45379911190125,120.38635532911965,122.09893578270312,296.35081017123304,Continuing
3,58,211.5086541241532,134.64188358633697,87.63643497931346,296.35081017123304,Continuing
4,57,296.35081017123304,199.86767578840636,38.14177143860679,296.35081017123304,Max Elastic Modulus reached
