Iteration,Index,Observed Target Value,Predicted Target Value,Uncertainty,Max Elastic Modulus in Dataset,Stopping Reason
1,0,81.74085575257114,211.50865412415249,0.0,296.35081017123304,Continuing
2,59,219.61643412334288,181.33764100276062,129.76779837158205,296.35081017123304,Continuing
3,54,197.8404462303588,194.75261759288932,137.87557837077173,296.35081017123304,Continuing
4,57,296.35081017123304,203.04421624330678,137.87557837077173,296.35081017123304,Max Elastic Modulus reached
