Iteration,Index,Observed Target Value,Predicted Target Value,Uncertainty,Max Elastic Modulus in Dataset,Stopping Reason
1,0,81.74085575257114,211.50865412415249,0.0,296.35081017123304,Continuing
2,59,219.61643412334288,181.33764100276062,129.76779837158205,296.35081017123304,Continuing
3,60,272.2240045816517,212.09876345614714,8.107779999189688,296.35081017123304,Continuing
4,34,88.47667256854467,234.73147347788552,190.48314882908056,296.35081017123304,Continuing
5,57,296.35081017123304,197.77482548631022,137.87557837077173,296.35081017123304,Max Elastic Modulus reached
