Iteration,Index,Observed Target Value,Predicted Target Value,Uncertainty,Max Elastic Modulus in Dataset,Stopping Reason
1,0,81.74085575257114,42.73624036981699,0.0,296.35081017123304,Continuing
2,1,71.68894182884907,72.37974806070982,39.0046153827544,296.35081017123304,Continuing
3,2,66.30151481091211,72.58247742383239,39.0046153827544,296.35081017123304,Continuing
4,8,242.7128680778461,72.37499752910054,39.0046153827544,296.35081017123304,Continuing
5,9,233.7243724057668,184.3512442542691,199.97662770802938,296.35081017123304,Continuing
6,53,228.310761552046,222.19514320745543,167.8408201731517,296.35081017123304,Continuing
7,71,270.69323356331364,224.71372957516218,162.73109726192632,296.35081017123304,Continuing
8,47,188.5569729101656,161.792514924639,199.97662770802938,296.35081017123304,Continuing
9,57,296.35081017123304,177.03565808147482,169.04617368187405,296.35081017123304,Max Elastic Modulus reached
