Iteration,Index,Observed Target Value,Predicted Target Value,Uncertainty,Max Elastic Modulus in Dataset,Stopping Reason
1,0,81.74085575257114,171.00469374345954,0.0,296.35081017123304,Continuing
2,34,88.47667256854467,149.3582130306692,89.2638379908879,296.35081017123304,Continuing
3,52,231.07458974395303,144.5790300772396,89.2638379908879,296.35081017123304,Continuing
4,53,228.310761552046,179.14617181584433,149.3337339913819,296.35081017123304,Continuing
5,57,296.35081017123304,178.97662885855462,149.3337339913819,296.35081017123304,Max Elastic Modulus reached
