Iteration,Index,Observed Target Value,Predicted Target Value,Uncertainty,Max Elastic Modulus in Dataset,Stopping Reason
1,0,81.74085575257114,228.31076155204602,0.0,296.35081017123304,Continuing
2,71,270.69323356331364,160.88860488428816,146.56990579947484,296.35081017123304,Continuing
3,68,65.48719407925006,204.88210743805342,188.95237781074252,296.35081017123304,Continuing
4,70,172.0732296612731,200.85461334457258,205.20603948406358,296.35081017123304,Continuing
5,47,188.5569729101656,206.3234274789516,188.95237781074252,296.35081017123304,Continuing
6,48,171.00469374345903,199.2760295697717,98.62000390204054,296.35081017123304,Continuing
7,72,189.441220061326,182.7612321279982,99.68853981985461,296.35081017123304,Continuing
8,57,296.35081017123304,186.6515723772294,57.30606780858696,296.35081017123304,Max Elastic Modulus reached
