Iteration,Index,Observed Target Value,Predicted Target Value,Uncertainty,Max Elastic Modulus in Dataset,Stopping Reason
1,0,81.74085575257114,171.00469374345954,0.0,296.35081017123304,Continuing
2,34,88.47667256854467,149.3582130306692,89.2638379908879,296.35081017123304,Continuing
3,52,231.07458974395303,144.5790300772396,89.2638379908879,296.35081017123304,Continuing
4,41,220.5104016857166,184.83853207852374,142.59791717540836,296.35081017123304,Continuing
5,53,228.310761552046,182.80401717545968,149.3337339913819,296.35081017123304,Continuing
6,57,296.35081017123304,178.66160334114994,149.3337339913819,296.35081017123304,Max Elastic Modulus reached
