Iteration,Index,Observed Target Value,Predicted Target Value,Uncertainty,Max Elastic Modulus in Dataset,Stopping Reason
1,0,81.74085575257114,211.50864,3.0517578e-05,296.35081017123304,Continuing
2,10,95.58773206251,176.90346,57.385212,296.35081017123304,Continuing
3,42,179.2410423946837,164.67801,57.40569,296.35081017123304,Continuing
4,53,228.310761552046,194.73666,24.148132,296.35081017123304,Continuing
5,57,296.35081017123304,208.32779,12.146411,296.35081017123304,Max Elastic Modulus reached
