Iteration,Index,Observed Target Value,Predicted Target Value,Uncertainty,Max Elastic Modulus in Dataset,Stopping Reason
1,0,81.74085575257114,228.31068,3.0517578e-05,296.35081017123304,Continuing
2,10,95.58773206251,174.56808,70.630936,296.35081017123304,Continuing
3,42,179.2410423946837,192.45563,59.50477,296.35081017123304,Continuing
4,57,296.35081017123304,205.22368,41.353756,296.35081017123304,Max Elastic Modulus reached
