Iteration,Index,Observed Target Value,Predicted Target Value,Uncertainty,Max Elastic Modulus in Dataset,Stopping Reason
1,0,81.74085575257114,39.585606,3.8146973e-06,296.35081017123304,Continuing
2,10,95.58773206251,56.448154,20.651394,296.35081017123304,Continuing
3,24,98.05789122606568,83.46367,22.204134,296.35081017123304,Continuing
4,11,24.71538796928362,67.4546,27.996758,296.35081017123304,Continuing
5,27,141.45379911190125,73.097336,26.79403,296.35081017123304,Continuing
6,47,188.5569729101656,114.76128,37.22462,296.35081017123304,Continuing
7,8,242.7128680778461,157.20377,38.35057,296.35081017123304,Continuing
8,53,228.310761552046,213.86227,44.95016,296.35081017123304,Continuing
9,57,296.35081017123304,206.19847,27.064798,296.35081017123304,Max Elastic Modulus reached
