Iteration,Index,Observed Target Value,Predicted Target Value,Uncertainty,Max Elastic Modulus in Dataset,Stopping Reason
1,0,81.74085575257114,171.0047,4.5776367e-05,296.35081017123304,Continuing
2,10,95.58773206251,144.225,40.905487,296.35081017123304,Continuing
3,42,179.2410423946837,152.94511,32.81788,296.35081017123304,Continuing
4,43,178.97379271834268,175.07887,15.074789,296.35081017123304,Continuing
5,44,159.30709474405634,173.9499,3.8766773,296.35081017123304,Continuing
6,47,188.5569729101656,170.39153,4.200777,296.35081017123304,Continuing
7,53,228.310761552046,177.6455,7.429448,296.35081017123304,Continuing
8,57,296.35081017123304,212.681,23.935802,296.35081017123304,Max Elastic Modulus reached
