Iteration,Index,Observed Target Value,Predicted Target Value,Uncertainty,Max Elastic Modulus in Dataset,Stopping Reason
1,0,81.74085575257114,171.0047,4.5776367e-05,296.35081017123304,Continuing
2,10,95.58773206251,144.225,40.905487,296.35081017123304,Continuing
3,8,242.7128680778461,133.04204,42.088913,296.35081017123304,Continuing
4,1,71.68894182884907,126.72945,62.193935,296.35081017123304,Continuing
5,9,233.7243724057668,206.1949,59.791004,296.35081017123304,Continuing
6,53,228.310761552046,227.17752,25.445917,296.35081017123304,Continuing
7,57,296.35081017123304,187.43707,27.506815,296.35081017123304,Max Elastic Modulus reached
