Iteration,Index,Observed Target Value,Predicted Target Value,Uncertainty,Max Elastic Modulus in Dataset,Stopping Reason
1,0,81.74085575257114,228.31068,3.0517578e-05,296.35081017123304,Continuing
2,10,95.58773206251,174.56808,70.630936,296.35081017123304,Continuing
3,42,179.2410423946837,192.45563,59.50477,296.35081017123304,Continuing
4,8,242.7128680778461,152.23515,65.33589,296.35081017123304,Continuing
5,9,233.7243724057668,218.95625,49.799862,296.35081017123304,Continuing
6,57,296.35081017123304,202.0723,24.544788,296.35081017123304,Max Elastic Modulus reached
