Iteration,Index,Observed Target Value,Predicted Target Value,Uncertainty,Max Conductivity in Dataset,Stopping Reason
1,0,12.77,475.4599,0.0,1243.67,Continuing
2,2,14.78,352.0755,204.60893,1243.67,Continuing
3,114,291.41,291.1202,225.76843,1243.67,Continuing
4,118,529.11,285.05252,223.07965,1243.67,Continuing
5,119,535.99,434.00522,165.08751,1243.67,Continuing
6,128,1243.67,513.7359,16.204357,1243.67,Max Conductivity reached
